<PAMDataset>
  <Metadata>
    <MDI key="DataType">Generic</MDI>
  </Metadata>
  <Metadata domain="Esri">
    <MDI key="PyramidResamplingType">NEAREST</MDI>
  </Metadata>
  <PAMRasterBand band="1">
    <Histograms>
      <HistItem>
        <HistMin>3</HistMin>
        <HistMax>1969</HistMax>
        <BucketCount>256</BucketCount>
        <IncludeOutOfRange>1</IncludeOutOfRange>
        <Approximate>0</Approximate>
        <HistCounts>1182452|457633|322072|206754|165373|111956|69186|57876|42679|31588|22224|20129|16389|11907|11411|9517|8082|6195|6108|5397|4050|4067|3705|3015|2373|2478|2076|1693|1731|1405|1315|1033|1011|892|693|725|598|453|481|424|395|286|270|291|182|181|161|137|125|110|114|67|92|51|49|42|49|45|38|38|29|36|18|21|16|15|13|14|19|6|11|12|4|12|7|3|4|2|2|5|2|6|0|2|0|2|0|2|1|1|3|2|0|0|1|2|1|1|2|3|0|1|0|0|0|0|0|0|0|1|0|0|0|0|0|0|0|0|0|1|0|0|0|3|0|0|0|1|0|0|1|1|0|0|0|0|0|0|0|0|0|0|0|0|0|1|0|0|0|0|0|0|0|0|0|0|0|0|0|0|0|0|0|0|0|0|0|0|0|0|0|0|0|0|0|0|0|0|0|0|0|0|0|0|0|0|0|0|0|0|0|0|0|0|0|0|0|0|0|0|0|0|0|0|0|0|0|0|0|0|0|0|0|0|0|0|0|0|0|0|1|0|0|0|0|0|0|0|0|0|0|0|0|0|0|0|0|0|0|0|0|0|0|0|0|0|0|0|0|0|0|0|0|0|0|1</HistCounts>
      </HistItem>
    </Histograms>
    <Metadata>
      <MDI key="STATISTICS_MINIMUM">3</MDI>
      <MDI key="STATISTICS_MAXIMUM">1969</MDI>
      <MDI key="STATISTICS_MEAN">25,231752208385</MDI>
      <MDI key="STATISTICS_STDDEV">34,378672460211</MDI>
      <MDI key="STATISTICS_SKIPFACTORX">1</MDI>
      <MDI key="STATISTICS_SKIPFACTORY">1</MDI>
      <MDI key="STATISTICS_EXCLUDEDVALUES"></MDI>
      <MDI key="STATISTICS_COVARIANCES">1181,89312012648</MDI>
    </Metadata>
  </PAMRasterBand>
</PAMDataset>
